{
  "spec_id": "cl_version_comparison",
  "spec_path": "workflow/config/cl_version_comparison.md",
  "generated": "2026-02-20T21:10:57.001115",
  "evidence": {
    "versions": {
      "SP_v1.4.5_leak_corr_pte_bb": 0.00025345418590999743,
      "SP_v1.4.5_leak_corr_chi2_bb": 67.38768366132548,
      "SP_v1.4.5_leak_corr_dof_bb": 32,
      "SP_v1.4.5_leak_corr_pte_eb": 0.947710221166384,
      "SP_v1.4.5_leak_corr_chi2_eb": 20.19946282530121,
      "SP_v1.4.5_leak_corr_dof_eb": 32,
      "SP_v1.4.5_leak_corr_pte_bb_cut": 0.0030977602325951425,
      "SP_v1.4.5_leak_corr_chi2_bb_cut": 37.26488470911654,
      "SP_v1.4.5_leak_corr_dof_bb_cut": 17,
      "SP_v1.4.5_leak_corr_pte_eb_cut": 0.7141800808534484,
      "SP_v1.4.5_leak_corr_chi2_eb_cut": 13.324883064556422,
      "SP_v1.4.5_leak_corr_dof_eb_cut": 17,
      "SP_v1.4.6_leak_corr_pte_bb": 0.09792272864837098,
      "SP_v1.4.6_leak_corr_chi2_bb": 42.700231272005574,
      "SP_v1.4.6_leak_corr_dof_bb": 32,
      "SP_v1.4.6_leak_corr_pte_eb": 0.9529512261516445,
      "SP_v1.4.6_leak_corr_chi2_eb": 19.901337744849968,
      "SP_v1.4.6_leak_corr_dof_eb": 32,
      "SP_v1.4.6_leak_corr_pte_bb_cut": 0.27601504617402955,
      "SP_v1.4.6_leak_corr_chi2_bb_cut": 19.96516207293183,
      "SP_v1.4.6_leak_corr_dof_bb_cut": 17,
      "SP_v1.4.6_leak_corr_pte_eb_cut": 0.6833556796060204,
      "SP_v1.4.6_leak_corr_chi2_eb_cut": 13.769357592050355,
      "SP_v1.4.6_leak_corr_dof_eb_cut": 17,
      "SP_v1.4.8_leak_corr_pte_bb": 0.11358826422569772,
      "SP_v1.4.8_leak_corr_chi2_bb": 41.87386424516653,
      "SP_v1.4.8_leak_corr_dof_bb": 32,
      "SP_v1.4.8_leak_corr_pte_eb": 0.6112407427814349,
      "SP_v1.4.8_leak_corr_chi2_eb": 29.155806832568203,
      "SP_v1.4.8_leak_corr_dof_eb": 32,
      "SP_v1.4.8_leak_corr_pte_bb_cut": 0.4336497593195094,
      "SP_v1.4.8_leak_corr_chi2_bb_cut": 17.30868253255327,
      "SP_v1.4.8_leak_corr_dof_bb_cut": 17,
      "SP_v1.4.8_leak_corr_pte_eb_cut": 0.2625760906484923,
      "SP_v1.4.8_leak_corr_chi2_eb_cut": 20.231177000298878,
      "SP_v1.4.8_leak_corr_dof_eb_cut": 17,
      "SP_v1.4.11.3_leak_corr_pte_bb": 1.7848129151301884e-12,
      "SP_v1.4.11.3_leak_corr_chi2_bb": 122.23988293212605,
      "SP_v1.4.11.3_leak_corr_dof_bb": 32,
      "SP_v1.4.11.3_leak_corr_pte_eb": 0.9725050233247705,
      "SP_v1.4.11.3_leak_corr_chi2_eb": 18.516069343307766,
      "SP_v1.4.11.3_leak_corr_dof_eb": 32,
      "SP_v1.4.11.3_leak_corr_pte_bb_cut": 5.741528047876641e-10,
      "SP_v1.4.11.3_leak_corr_chi2_bb_cut": 79.01196438983345,
      "SP_v1.4.11.3_leak_corr_dof_bb_cut": 17,
      "SP_v1.4.11.3_leak_corr_pte_eb_cut": 0.7454934521382017,
      "SP_v1.4.11.3_leak_corr_chi2_eb_cut": 12.860198045925554,
      "SP_v1.4.11.3_leak_corr_dof_eb_cut": 17
    }
  },
  "output": {
    "figure": "figure.png"
  }
}